nodes,time,size
3,257.016541,1
3,233.106369,1
3,417.739990,2
3,593.675964,3
3,405.184998,2
3,768.868530,3
4,279.951965,1
4,552.147400,2
4,930.759521,3
4,330.398132,1
4,597.150513,2
4,915.132507,3
