threads,time,size
2,144.749386,1
2,303.272879,2
2,373.358803,3
2,143.569136,1
2,307.219549,2
2,521.008740,3
3,182.145275,1
3,385.100402,2
3,424.846322,3
3,181.340440,1
3,387.377617,2
3,711.222898,3
4,175.688643,1
4,278.515389,2
4,619.189033,3
4,171.586555,1
4,352.468977,2
4,477.086018,3
