time,size
244.918316,1
436.339493,2
487.129619,3
194.899486,1
520.368259,2
772.683292,3
